timestamp,run,p50_ns,p99_ns,p999_ns,p9999_ns,max_ns,ops_per_s,alloc_b_per_op,gcs,gc_ms,jvm_opts,fill_checksum
2026-09-28T16:49:03.330027551Z,naive-closed,173,1087,4063,43007,25653386,2910703,120,2,44,"-Xms2g -Xmx2g -XX:+AlwaysPreTouch",-2542039905529821537
2026-09-28T16:49:03.996580826Z,fast-closed,54,439,863,17919,329292,8296179,0,0,0,"-Xms2g -Xmx2g -XX:+AlwaysPreTouch",-2542039905529821537
2026-09-28T16:49:14.044307871Z,naive-open,263,3473407,12976127,15990783,16208616,499854,133,2,28,"-Xms2g -Xmx2g -XX:+AlwaysPreTouch",-2542039905529821537
2026-09-28T16:49:18.438638142Z,fast-open,97,182271,1556479,2326527,2648958,499872,0,0,0,"-Xms2g -Xmx2g -XX:+AlwaysPreTouch",-2542039905529821537
2026-09-28T16:49:36.986908294Z,naive-open-r200k,271,475135,13369343,21757951,22537736,199979,120,2,35,"-Xms2g -Xmx2g -XX:+AlwaysPreTouch",-2542039905529821537
2026-09-28T16:49:47.416116617Z,fast-open-r200k,105,161791,2015231,3112959,3826341,199980,0,0,0,"-Xms2g -Xmx2g -XX:+AlwaysPreTouch",-2542039905529821537
2026-09-28T16:50:29.260500015Z,fast-closed-epsilon,47,287,575,12415,606712,10200242,0,0,0,"-Xms2g -Xmx2g -XX:+AlwaysPreTouch -XX:+UnlockExperimentalVMOptions -XX:+UseEpsilonGC",-2542039905529821537
2026-09-28T18:20:30.655635Z,naive-closed,83,375,1055,4159,2494417,8702152,133,2,4,"-Xms2g -Xmx2g -XX:+AlwaysPreTouch",-2542039905529821537
2026-09-28T18:20:31.050395Z,fast-closed,41,125,209,419,22792,20704300,0,0,0,"-Xms2g -Xmx2g -XX:+AlwaysPreTouch",-2542039905529821537
2026-09-29T20:22:17.406926Z,naive-open,42,751,991231,2523135,2848667,499870,120,2,4,"-Xms2g -Xmx2g -XX:+AlwaysPreTouch",-2542039905529821537
2026-09-29T20:22:21.720427Z,fast-open,0,251,5055,12543,55083,499875,0,0,0,"-Xms2g -Xmx2g -XX:+AlwaysPreTouch",-2542039905529821537
2026-10-07T16:12:25.822691Z,naive-closed,83,631,959,5183,2596833,7695489,120,2,4,"-Xms2g -Xmx2g -XX:+AlwaysPreTouch",-2542039905529821537
2026-10-07T16:12:26.228053Z,fast-closed,41,125,209,631,24750,18631595,0,0,0,"-Xms2g -Xmx2g -XX:+AlwaysPreTouch",-2542039905529821537
